{
    "header": [
        " *   ",
        " *   文件描述：本文件为网页资源信息",
        " *   success字段为下载保存成功的资源;failures字段则为下载保存失败的资源URL",
        " *   success字段为标准树结构，每一层资源父子关系、URL和保存路径清晰明了",
        " *   本文件仅为记录检测到的网页资源以便于调试，非专业人员可将本文件删除",
        " *   详细介绍请参考: https://bazhan.me/faq",
        " *   "
    ],
    "success": [
        {
            "url": "https://letscool.cc/",
            "path": "index.html",
            "children": [
                {
                    "url": "https://s3.ax1x.com/2021/01/29/yiluRg.png",
                    "path": "images/yiluRg.png"
                },
                {
                    "url": "https://letscool.cc/XUE_temp/XUE_4/index/files/templates/frontend/zun2020/images/new.png",
                    "path": "images/new.png"
                },
                {
                    "url": "https://letscool.cc/XUE_temp/XUE_4/index/files/templates/frontend/zun2020/images/index-banner-bg.png",
                    "path": "images/index-banner-bg.png"
                },
                {
                    "url": "https://letscool.cc/XUE_temp/XUE_4/index/files/templates/frontend/zun2020/images/banner3-pic.png",
                    "path": "images/banner3-pic.png"
                },
                {
                    "url": "https://letscool.cc/XUE_temp/XUE_4/index/files/templates/frontend/zun2020/images/index-banner-pic.png",
                    "path": "images/index-banner-pic.png"
                },
                {
                    "url": "https://letscool.cc/XUE_temp/XUE_4/index/files/templates/frontend/zun2020/images/banner2-pic.png",
                    "path": "images/banner2-pic.png"
                },
                {
                    "url": "https://letscool.cc/XUE_temp/XUE_4/index/files/templates/frontend/zun2020/images/index-banner-down.png",
                    "path": "images/index-banner-down.png"
                },
                {
                    "url": "https://letscool.cc/XUE_temp/XUE_4/index/files/templates/frontend/zun2020/images/yunwei-01.png",
                    "path": "images/yunwei-01.png"
                },
                {
                    "url": "https://letscool.cc/XUE_temp/XUE_4/index/files/templates/frontend/zun2020/images/yunwei-01-on.png",
                    "path": "images/yunwei-01-on.png"
                },
                {
                    "url": "https://letscool.cc/XUE_temp/XUE_4/index/files/templates/frontend/zun2020/images/yunwei-02.png",
                    "path": "images/yunwei-02.png"
                },
                {
                    "url": "https://letscool.cc/XUE_temp/XUE_4/index/files/templates/frontend/zun2020/images/yunwei-02-on.png",
                    "path": "images/yunwei-02-on.png"
                },
                {
                    "url": "https://letscool.cc/XUE_temp/XUE_4/index/files/templates/frontend/zun2020/images/yunwei-03.png",
                    "path": "images/yunwei-03.png"
                },
                {
                    "url": "https://letscool.cc/XUE_temp/XUE_4/index/files/templates/frontend/zun2020/images/yunwei-03-on.png",
                    "path": "images/yunwei-03-on.png"
                },
                {
                    "url": "https://letscool.cc/XUE_temp/XUE_4/index/files/templates/frontend/zun2020/images/yunwei-04.png",
                    "path": "images/yunwei-04.png"
                },
                {
                    "url": "https://letscool.cc/XUE_temp/XUE_4/index/files/templates/frontend/zun2020/images/yunwei-04-on.png",
                    "path": "images/yunwei-04-on.png"
                },
                {
                    "url": "https://letscool.cc/XUE_temp/XUE_4/index/files/templates/frontend/zun2020/images/yunwei-05.png",
                    "path": "images/yunwei-05.png"
                },
                {
                    "url": "https://letscool.cc/XUE_temp/XUE_4/index/files/templates/frontend/zun2020/images/yunwei-05-on.png",
                    "path": "images/yunwei-05-on.png"
                },
                {
                    "url": "https://letscool.cc/XUE_temp/XUE_4/index/files/templates/frontend/zun2020/images/page-right-bg.png",
                    "path": "images/page-right-bg.png"
                },
                {
                    "url": "https://letscool.cc/XUE_temp/XUE_4/index/files/templates/frontend/zun2020/images/wuyoufuwu-01.png",
                    "path": "images/wuyoufuwu-01.png"
                },
                {
                    "url": "https://letscool.cc/XUE_temp/XUE_4/index/files/templates/frontend/zun2020/images/wuyoufuwu-02.png",
                    "path": "images/wuyoufuwu-02.png"
                },
                {
                    "url": "https://letscool.cc/XUE_temp/XUE_4/index/files/templates/frontend/zun2020/images/wuyoufuwu-03.png",
                    "path": "images/wuyoufuwu-03.png"
                },
                {
                    "url": "https://letscool.cc/XUE_temp/XUE_4/index/files/templates/frontend/zun2020/images/wuyoufuwu-04.png",
                    "path": "images/wuyoufuwu-04.png"
                },
                {
                    "url": "https://letscool.cc/XUE_temp/XUE_4/index/files/templates/frontend/zun2020/images/page-left-bg.png",
                    "path": "images/page-left-bg.png"
                },
                {
                    "url": "https://letscool.cc/XUE_temp/XUE_4/index/files/templates/frontend/zun2020/images/footer-icon-1.png",
                    "path": "images/footer-icon-1.png"
                },
                {
                    "url": "https://letscool.cc/XUE_temp/XUE_4/index/files/templates/frontend/zun2020/images/footer-icon-2.png",
                    "path": "images/footer-icon-2.png"
                },
                {
                    "url": "https://letscool.cc/XUE_temp/XUE_4/index/files/templates/frontend/zun2020/images/footer-icon-3.png",
                    "path": "images/footer-icon-3.png"
                },
                {
                    "url": "https://letscool.cc/XUE_temp/XUE_4/index/files/templates/frontend/zun2020/images/footer-icon-4.png",
                    "path": "images/footer-icon-4.png"
                },
                {
                    "url": "https://letscool.cc/XUE_temp/XUE_4/index/files/templates/frontend/zun2020/images/footer-icon-5.png",
                    "path": "images/footer-icon-5.png"
                },
                {
                    "url": "https://letscool.cc/XUE_temp/XUE_4/index/files/templates/frontend/zun2020/images/upaa.png",
                    "path": "images/upaa.png"
                },
                {
                    "url": "https://letscool.cc/XUE_temp/XUE_4/index/files/templates/frontend/zun2020/js/jquery.min.js",
                    "path": "js/jquery.min.js"
                },
                {
                    "url": "https://letscool.cc/XUE_temp/XUE_4/index/files/templates/frontend/zun2020/js/swiper.min.js",
                    "path": "js/swiper.min.js"
                },
                {
                    "url": "https://letscool.cc/XUE_temp/XUE_4/index/files/templates/frontend/zun2020/js/script.js",
                    "path": "js/script.js"
                },
                {
                    "url": "https://letscool.cc/XUE_temp/XUE_4/index/files/templates/frontend/zun2018/js/Validform_v5.3.2_min.js",
                    "path": "js/Validform_v5.3.2_min.js"
                },
                {
                    "url": "https://letscool.cc/XUE_temp/XUE_4/index/files/templates/frontend/zun2018/layer/layer.js",
                    "path": "js/layer.js"
                },
                {
                    "url": "https://letscool.cc/XUE_temp/XUE_4/index/files/templates/frontend/zun2020/js/wow.min.js",
                    "path": "js/wow.min.js"
                },
                {
                    "url": "https://letscool.cc/XUE_temp/XUE_4/index/files/templates/frontend/zun2020/helper/vue.min.js",
                    "path": "js/vue.min.js"
                },
                {
                    "url": "https://letscool.cc/XUE_temp/XUE_4/index/files/templates/frontend/zun2020/helper/elementui.js",
                    "path": "js/elementui.js"
                },
                {
                    "url": "https://letscool.cc/XUE_temp/XUE_4/index/files/templates/frontend/zun2020/css/css.css",
                    "path": "css/css.css",
                    "children": [
                        {
                            "url": "https://letscool.cc/XUE_temp/XUE_4/index/files/templates/frontend/zun2020/css/afont.woff2",
                            "path": "fonts/afont.woff2"
                        },
                        {
                            "url": "https://letscool.cc/XUE_temp/XUE_4/index/files/templates/frontend/zun2020/css/element-icons.ttf",
                            "path": "fonts/element-icons.ttf"
                        },
                        {
                            "url": "https://fex.bdstatic.com/h5static/h5jscss/NotoSansSC-Black.woff2",
                            "path": "fonts/NotoSansSC-Black.woff2"
                        },
                        {
                            "url": "https://letscool.cc/XUE_temp/XUE_4/index/files/templates/frontend/zun2020/images/contact-bg.png",
                            "path": "images/contact-bg.png"
                        },
                        {
                            "url": "https://letscool.cc/XUE_temp/XUE_4/index/files/templates/frontend/zun2020/images/yunwei-bg.png",
                            "path": "images/yunwei-bg.png"
                        },
                        {
                            "url": "https://letscool.cc/XUE_temp/XUE_4/index/files/templates/frontend/zun2020/images/wuyoufuwu-next.png",
                            "path": "images/wuyoufuwu-next.png"
                        },
                        {
                            "url": "https://letscool.cc/XUE_temp/XUE_4/index/files/templates/frontend/zun2020/images/wuyoufuwu-prev.png",
                            "path": "images/wuyoufuwu-prev.png"
                        },
                        {
                            "url": "https://letscool.cc/XUE_temp/XUE_4/index/files/templates/frontend/zun2020/images/news_top_bg.jpg",
                            "path": "images/news_top_bg.jpg"
                        },
                        {
                            "url": "https://letscool.cc/XUE_temp/XUE_4/index/files/templates/frontend/zun2020/images/backlist.png",
                            "path": "images/backlist.png"
                        },
                        {
                            "url": "https://letscool.cc/XUE_temp/XUE_4/index/files/templates/frontend/zun2020/images/user-bg.jpg",
                            "path": "images/user-bg.jpg"
                        },
                        {
                            "url": "https://letscool.cc/XUE_temp/XUE_4/index/files/templates/frontend/zun2020/images/user-user.png",
                            "path": "images/user-user.png"
                        },
                        {
                            "url": "https://letscool.cc/XUE_temp/XUE_4/index/files/templates/frontend/zun2020/images/user-password.png",
                            "path": "images/user-password.png"
                        },
                        {
                            "url": "https://letscool.cc/XUE_temp/XUE_4/index/files/templates/frontend/zun2020/images/i12_yhq.png",
                            "path": "images/i12_yhq.png"
                        },
                        {
                            "url": "https://letscool.cc/XUE_temp/XUE_4/index/files/templates/frontend/zun2020/images/pro-icon.png",
                            "path": "images/pro-icon.png"
                        }
                    ]
                },
                {
                    "url": "https://letscool.cc/XUE_temp/XUE_4/index/files/templates/frontend/zun2020/css/swiper.min.css",
                    "path": "css/swiper.min.css"
                },
                {
                    "url": "https://letscool.cc/XUE_temp/XUE_4/index/files/templates/frontend/zun2020/css/animate.css",
                    "path": "css/animate.css"
                },
                {
                    "url": "https://letscool.cc/XUE_temp/XUE_4/index/files/templates/frontend/zun2020/helper/elementui.css",
                    "path": "css/elementui.css",
                    "children": [
                        {
                            "url": "https://letscool.cc/XUE_temp/XUE_4/index/files/templates/frontend/zun2020/helper/fonts/element-icons.woff",
                            "path": "fonts/element-icons.woff"
                        },
                        {
                            "url": "https://letscool.cc/XUE_temp/XUE_4/index/files/templates/frontend/zun2020/helper/fonts/element-icons.ttf",
                            "path": "fonts/element-icons_1.ttf"
                        }
                    ]
                }
            ]
        }
    ],
    "failures": []
}