{
    "header": [
        " *   ",
        " *   文件描述：本文件为请求参数，包括不限于网址、请求头、响应头、COOKIE、Referer、UserAgent",
        " *   本文件仅为记录详细请求参数便于调试，非专业人员可将本文件删除",
        " *   详细介绍请参考: https://bazhan.me/faq",
        " *   "
    ],
    "directory": "letscool-cc-fct2orsu",
    "options": {
        "url": "https://letscool.cc/",
        "index": "index.html",
        "domain": "letscool.cc",
        "origin": "https://letscool.cc",
        "ipaddress": "172.67.188.63",
        "filenameGenerator": "byType",
        "request": {
            "headers": {
                "accept": "text/html,*/*",
                "accept-language": "zh-CN,zh;q=0.9",
                "accept-encoding": "gzip",
                "cache-control": "no-cache",
                "user-agent": "Mozilla/5.0 (Windows NT 10.0; Win64; x64) AppleWebKit/537.36 (KHTML, like Gecko) Chrome/78.0.3904.108 Safari/537.36",
                "x-scraper-website": "https://bazhan.me/",
                "cookie": "__cfduid=de136d7d8a1800e55b5b9f082d3acf33f1611966681; PHPSESSID=70ucrr5lpi9jnluqp0saiqkap5"
            }
        },
        "response": {
            "statusCode": 200,
            "headers": {
                "date": "Sat, 30 Jan 2021 00:31:21 GMT",
                "content-type": "text/html; charset=utf-8",
                "transfer-encoding": "chunked",
                "connection": "close",
                "vary": "Accept-Encoding",
                "expires": "Thu, 19 Nov 1981 08:52:00 GMT",
                "cache-control": "no-store, no-cache, must-revalidate, post-check=0, pre-check=0",
                "pragma": "no-cache",
                "strict-transport-security": "max-age=31536000",
                "cf-cache-status": "DYNAMIC",
                "cf-request-id": "07f24caa990000951519a14000000001",
                "expect-ct": "max-age=604800, report-uri=\"https://report-uri.cloudflare.com/cdn-cgi/beacon/expect-ct\"",
                "report-to": "{\"endpoints\":[{\"url\":\"https:\\/\\/a.nel.cloudflare.com\\/report?s=QBaTWmdlR37edOzVRDv4CnQeoBcE3YarklxMPHSkN5zeIG35fJcHRq9qrCWiv8sJtAIRzOyFoiukbPr2zeeGLF6lEon0uDgemzUFzg%3D%3D\"}],\"group\":\"cf-nel\",\"max_age\":604800}",
                "nel": "{\"max_age\":604800,\"report_to\":\"cf-nel\"}",
                "server": "cloudflare",
                "cf-ray": "619716f0fb729515-NRT",
                "content-encoding": "gzip"
            }
        }
    },
    "user": {
        "isWhite": false
    },
    "formatter": [
        "saveOriginal"
    ],
    "time": {
        "start": 1611966681448,
        "end": 1611966696485,
        "spend": "15.037s"
    }
}